<?xml version="1.0" encoding="UTF-8"?>
<PaperFormatList>
<PaperFormat>
    <Manufacturer>Primera (CD Tray)</Manufacturer>
    <ID>Primera CD/DVD (CD Tray)</ID>
    <PageSize>Other</PageSize>
	<PageWidth>4.7245 in</PageWidth>
	<PageHeight>4.7245 in</PageHeight>
    <DirectToDisc>1</DirectToDisc>
	<Models>
		<Model>
			<Description>Bravo, Bravo II, BravoPro, Disc Publisher</Description>
		</Model>
	</Models>
    <Labels>
        <Label>
            <LabelType>CDDisc</LabelType>
            
            <LeftMargin>60 mm</LeftMargin>
            <TopMargin>60 mm</TopMargin>
            <Diameter>120 mm</Diameter>
            <HoleDiameter>15 mm</HoleDiameter>
        </Label>
	</Labels>
</PaperFormat>
</PaperFormatList>
